user_id,total_spend,count_saved_items,loyalty_credits,batch_id
1,4070,10,179,4940
3,4558,43,736,4510
8199,4663,8,728,4996
8,4991,24,480,5107
9,4379,16,148,4673
8195,4078,13,129,4736
22,4375,3,139,4851
8215,4892,20,690,5224
25,4015,42,806,4958
8220,4864,27,591,5457
30,4946,1,712,5541
31,4027,48,446,5919
8225,4716,32,213,5405
8229,4715,27,884,5238
38,4745,24,929,4824
39,4840,40,147,5912
8233,4866,3,589,5586
42,4790,6,476,5027
43,4226,20,57,4983
8239,4393,9,551,5871
50,4471,28,152,4732
8250,4995,34,792,5644
61,4258,28,152,4639
64,4349,14,969,4945
8258,4146,28,521,5068
8260,4900,42,270,4507
69,4272,33,781,4780
77,4536,49,724,5386
81,4013,23,569,5100
8274,4882,38,485,5614
83,4147,36,409,5032
85,4252,11,744,4867
8278,4011,43,73,4622
87,4074,13,23,5724
92,4897,24,778,4768
8285,4017,9,121,4624
8290,4819,36,187,5064
100,4394,41,14,5531
101,4777,30,825,5002
8294,4106,31,971,4598
8295,4749,48,129,5907
8296,4253,45,350,4790
105,4997,38,825,4741
106,4665,22,694,5568
107,4248,23,520,5132
109,4247,33,23,5571
8303,4703,29,28,4572
114,4984,18,150,4561
115,4486,47,894,5767
117,4286,21,392,5148
119,4171,12,734,5417
8313,4521,16,402,4959
122,4712,9,635,5845
125,4772,13,586,5445
8318,4933,42,167,4529
8319,4968,41,922,5370
8321,4091,31,543,4917
8322,4038,5,474,5827
8324,4292,22,111,5756
8325,4165,27,344,4578
137,4816,39,124,5449
138,4038,7,207,5798
8331,4278,28,547,5185
142,4357,44,742,5053
143,4648,12,655,5406
8336,4027,19,59,4869
146,4104,48,296,5054
148,4090,8,437,4899
149,4843,2,50,4871
8217,4868,35,972,4615
8347,4285,18,392,4993
8350,4484,14,457,4995
159,4055,40,163,4635
8353,4162,40,960,4864
8354,4764,37,429,5128
163,4383,43,555,4772
164,4895,13,233,5060
165,4223,4,773,5471
168,4513,10,134,5353
8361,4820,21,246,5038
8362,4514,4,901,5785
171,4942,3,262,5526
8364,4621,32,805,5837
8366,4051,3,296,5884
178,4569,16,744,5664
8371,4571,24,832,4870
180,4393,15,337,5339
8222,4730,37,583,5872
8376,4301,9,281,5868
190,4576,18,393,5730
191,4223,41,206,5552
192,4027,16,508,4708
195,4436,11,950,5800
196,4246,37,697,5685
197,4402,4,922,5651
8392,4077,49,599,4923
202,4276,19,493,4517
8396,4136,46,168,4738
206,4788,15,816,5266
207,4141,43,98,5516
8400,4464,32,557,5075
209,4788,39,673,5388
210,4680,32,833,5554
8403,4311,10,780,4719
213,4890,34,187,5583
215,4879,22,324,5770
216,4358,8,713,5295
219,4200,42,851,4697
8412,4486,41,17,4558
224,4728,40,39,4577
226,4474,40,774,5555
8420,4748,23,104,5170
229,4778,42,88,5693
8423,4024,32,407,5620
8426,4797,42,692,4866
235,4743,36,894,5939
239,4684,40,491,5764
8433,4215,27,445,5724
243,4043,37,536,5169
8438,4839,32,65,5641
247,4841,6,299,5381
252,4561,31,267,5063
8445,4169,30,993,5784
254,4520,24,379,5252
255,4214,26,980,5106
259,4651,43,44,4912
261,4364,19,350,5638
9601,4123,19,562,5937
8458,4481,6,827,5552
267,4698,18,624,5616
9602,4679,28,488,5144
8463,4090,37,913,4941
272,4835,39,458,5828
8466,4031,47,624,5537
276,4179,25,875,5560
8470,4007,34,719,5889
279,4210,25,700,4541
280,4586,40,190,4957
8474,4129,27,484,5033
283,4019,12,959,5768
286,4116,46,64,5988
288,4708,19,365,5835
291,4771,20,474,4813
9606,4445,24,399,4522
295,4196,8,992,5000
299,4603,11,599,4723
301,4629,42,820,4640
8494,4281,15,554,4666
305,4528,46,157,5149
8498,4930,40,654,5398
8503,4747,15,367,4592
312,4141,1,760,5850
8505,4884,27,258,5671
322,4915,22,225,4578
8516,4759,28,188,5377
8517,4488,40,584,5323
327,4703,28,540,5928
328,4289,27,424,4639
329,4140,31,896,4936
8522,4540,5,119,4654
8523,4449,32,268,5998
8524,4520,22,912,5283
8525,4884,36,462,5213
8533,4196,4,813,5073
343,4880,49,816,4565
344,4692,45,897,5309
348,4877,48,334,4911
8541,4300,44,158,5297
351,4888,41,732,4723
353,4754,13,686,4587
355,4020,9,358,5128
356,4052,16,798,5617
8549,4455,7,5,5493
8550,4876,39,401,4673
359,4184,21,286,4552
363,4403,10,113,5208
9618,4772,13,373,5005
8559,4112,26,113,4726
370,4402,50,197,5725
8565,4384,49,383,4685
8566,4453,3,432,5769
8568,4867,40,207,5414
377,4593,27,277,4806
8571,4841,27,798,5079
381,4800,46,388,4843
8576,4911,38,148,5856
387,4916,8,132,5139
395,4050,26,609,5262
398,4898,26,46,4701
402,4452,10,83,4568
405,4150,20,647,5352
407,4600,11,736,4636
8601,4832,17,67,5772
8603,4136,33,114,5382
412,4693,33,637,5392
413,4762,24,587,5634
8606,4747,8,882,5176
416,4330,15,826,5181
8611,4913,18,267,5438
8612,4444,44,818,4567
8613,4251,38,914,5289
8616,4957,39,597,5058
8618,4790,16,339,5482
428,4872,17,309,4592
430,4715,48,143,5924
9629,4902,37,321,5827
434,4342,40,382,5097
8628,4007,43,58,4798
437,4639,29,233,5343
446,4945,36,732,4965
449,4639,15,337,5880
451,4170,23,688,5017
452,4755,29,658,5136
8645,4965,9,848,5064
8647,4349,45,556,5621
458,4134,39,505,5656
460,4200,20,681,5411
8654,4571,38,718,4797
8269,4634,32,342,4932
8661,4882,43,856,4968
8663,4620,34,298,4879
473,4774,30,439,5828
474,4765,22,661,5468
477,4039,11,658,5710
479,4349,8,190,5493
8676,4998,43,369,4858
9638,4192,49,473,5567
487,4213,24,616,4783
488,4561,38,641,5175
489,4283,35,693,5512
492,4318,31,650,5489
495,4029,22,845,5797
496,4979,45,684,4557
500,4932,40,792,4886
9641,4695,33,473,5796
8697,4680,33,904,5173
506,4940,46,817,4688
8701,4495,18,566,5003
8703,4493,4,906,5009
8706,4169,16,821,5857
515,4851,20,343,5496
517,4626,14,730,5024
520,4984,24,826,5608
523,4228,39,848,4864
525,4317,23,289,5204
527,4967,21,260,5704
531,4412,2,755,5184
8725,4110,37,797,5576
535,4065,26,427,5157
536,4007,1,49,5536
539,4115,33,572,5080
540,4483,6,83,4858
8733,4938,5,651,5917
542,4875,39,261,5009
8735,4638,2,870,4716
8737,4201,9,427,4824
8740,4021,50,196,5669
8742,4630,37,465,4641
552,4383,35,955,5229
553,4562,9,606,5987
8748,4535,11,591,4819
8755,4199,5,669,5767
565,4851,37,762,4502
8760,4652,37,21,4682
570,4558,19,735,4763
8770,4445,23,606,5580
579,4575,42,298,4694
582,4691,27,858,4821
585,4965,20,552,4930
586,4566,49,161,5668
587,4443,45,65,4550
588,4820,10,775,5235
590,4249,16,531,5149
592,4385,40,220,5009
8787,4869,40,626,5523
8788,4994,34,93,4764
597,4570,12,645,5250
600,4605,39,880,4647
9658,4951,28,65,5385
8800,4878,38,872,5402
8803,4608,33,48,4974
612,4326,49,983,5553
613,4117,35,881,5055
614,4072,48,439,5513
8808,4213,11,403,4844
617,4543,50,833,5275
8812,4333,19,903,5704
621,4492,26,137,5682
622,4686,31,249,4588
8815,4279,4,295,5032
624,4088,9,11,5623
626,4341,13,801,5430
628,4603,19,513,5494
8821,4724,21,533,5484
8822,4426,17,627,5633
8823,4522,24,675,5261
8824,4453,18,206,5759
8826,4336,16,987,4928
8827,4967,38,856,4554
636,4906,36,494,4582
8830,4888,1,726,5472
641,4263,45,810,5281
8834,4035,0,881,5193
8836,4828,43,448,5622
647,4970,49,421,4875
648,4847,10,101,5639
651,4496,15,392,5219
653,4184,27,278,5585
8846,4617,6,460,5118
655,4860,35,631,4942
8852,4420,34,789,5161
8853,4487,0,795,5609
8855,4710,33,728,5807
8856,4970,4,732,5347
8858,4622,32,908,5551
8859,4379,30,116,4506
669,4496,43,370,5590
8863,4344,33,706,4810
672,4669,1,96,5261
676,4444,49,843,4806
8872,4778,12,510,5453
685,4564,4,864,5715
8881,4853,19,419,5195
690,4180,28,730,4715
695,4739,6,886,4729
698,4823,20,703,5468
700,4999,46,929,4904
702,4262,30,168,5018
704,4655,34,169,5772
8897,4725,46,347,5052
706,4230,40,482,4845
8899,4534,8,487,4537
8901,4483,22,4,4898
712,4696,36,47,4765
714,4188,22,702,5066
715,4499,45,875,4609
8911,4164,25,126,5289
721,4763,27,656,5840
8917,4375,45,659,5746
8919,4580,48,949,5416
730,4928,25,326,5115
732,4524,30,104,4509
735,4834,22,898,4520
738,4508,14,287,5351
8931,4682,29,811,4907
741,4927,39,862,5385
8935,4327,0,80,5570
749,4252,45,829,5909
8943,4434,41,225,5013
753,4113,13,753,4684
8946,4960,27,283,5091
759,4677,25,837,4965
760,4761,5,263,5077
763,4647,12,930,5379
764,4589,18,336,5712
769,4759,6,727,5703
773,4888,20,976,5404
8966,4942,47,425,5897
776,4471,41,427,5420
778,4711,0,840,5962
779,4821,43,204,4579
785,4445,11,333,4719
786,4673,40,721,5376
790,4261,2,590,5020
8983,4673,29,631,5480
792,4965,25,589,5123
8986,4212,36,662,5826
798,4664,14,195,5158
801,4401,36,417,5776
802,4537,2,795,4717
8995,4112,40,690,4869
8999,4003,18,950,5552
9002,4103,43,444,5427
811,4963,27,860,5256
812,4863,17,156,5252
9006,4950,50,310,4602
9007,4880,15,950,4556
817,4266,40,855,5924
819,4408,25,808,4501
9012,4524,5,325,5862
9013,4528,29,381,5449
827,4280,25,927,5884
9021,4213,7,117,5923
832,4888,15,895,5030
9029,4371,47,323,5627
9030,4254,6,624,4618
9031,4489,28,331,5319
9033,4752,39,905,4518
9042,4749,29,154,4532
851,4500,39,330,5619
853,4859,13,467,5189
857,4854,7,359,5643
859,4857,8,101,5468
860,4918,42,355,4697
861,4884,16,363,5147
863,4162,6,384,4990
864,4309,12,227,5770
866,4815,27,141,4714
9060,4057,23,744,5233
9061,4005,32,402,4650
871,4235,39,383,5765
874,4410,22,568,4979
9703,4311,4,153,5025
9073,4082,3,178,5614
882,4224,6,818,5588
883,4002,41,136,5138
895,4774,5,542,5764
9089,4904,14,932,5624
901,4153,9,950,5090
903,4610,25,487,4721
904,4189,41,297,4906
9097,4718,48,375,5107
9100,4598,3,163,4758
909,4623,3,889,5081
918,4586,9,142,4760
9112,4781,27,475,5803
927,4975,7,618,4935
928,4814,39,766,5483
929,4765,23,451,5511
931,4568,15,302,5324
933,4771,50,202,4642
9127,4149,33,111,4975
9130,4907,4,761,5717
9131,4204,14,309,4835
941,4996,34,301,4660
942,4727,12,334,5064
9136,4765,36,431,4680
9138,4296,38,125,5020
9142,4304,29,267,5626
9144,4531,31,675,4669
9145,4880,47,58,5116
9150,4390,5,324,4793
959,4690,16,971,5756
9153,4079,25,925,4612
967,4469,0,204,5235
9160,4982,0,295,4677
9163,4786,15,102,4797
972,4123,43,862,4597
9166,4202,36,847,5044
9168,4624,46,520,5392
8355,4218,2,890,5141
980,4756,29,936,4786
9173,4887,46,501,5126
9175,4628,31,936,4503
985,4928,26,594,5152
9179,4910,22,836,4603
9180,4849,39,77,5233
9181,4036,29,448,4511
990,4709,5,604,4704
9186,4048,35,745,4971
9188,4477,9,780,4683
997,4606,23,602,5172
1003,4952,23,447,5928
9198,4928,31,237,4982
1008,4998,8,187,4651
9204,4970,37,272,5318
1013,4557,2,251,5662
1014,4724,44,462,5472
1016,4375,14,674,4709
1017,4578,30,980,5148
1018,4958,18,501,5505
9211,4284,33,985,5908
9216,4946,46,788,5236
9218,4327,16,62,5030
1027,4942,32,384,4785
1028,4565,32,292,5651
9224,4071,31,734,5132
1035,4028,1,592,5476
9230,4950,15,940,5581
9232,4367,19,156,5765
1045,4900,13,545,5816
1048,4241,5,611,5806
9241,4113,25,127,4516
1050,4870,34,360,5840
9243,4877,38,915,4807
9245,4897,50,867,5381
1057,4565,22,501,4844
9250,4103,50,651,5727
9251,4496,17,197,5316
9252,4365,13,404,4957
1061,4352,3,550,5177
9256,4962,1,621,5997
1067,4454,49,756,5871
9262,4897,47,93,4764
9265,4071,47,413,5133
1074,4723,46,989,4628
1076,4846,44,659,5398
9269,4339,49,632,5530
9270,4985,11,847,5781
1082,4976,28,385,5972
1083,4790,37,147,4955
1084,4040,6,398,5909
9278,4614,11,750,5888
9279,4454,35,718,5623
1089,4180,8,616,5103
9283,4235,40,511,4918
1095,4007,1,423,5957
9740,4053,43,111,5517
1103,4391,31,467,5269
1106,4382,38,168,5513
1111,4068,32,462,5581
9304,4660,39,918,5888
9305,4860,4,276,5370
9743,4204,0,245,4742
9308,4102,26,220,5766
1124,4356,36,907,4725
1127,4068,8,73,5641
9321,4516,29,379,5759
1130,4439,49,397,5839
9323,4232,12,692,5668
9327,4624,6,956,5793
1136,4096,38,45,5979
9331,4217,4,935,5849
1140,4817,17,173,4900
1141,4956,33,637,5797
9338,4348,36,773,5702
9340,4679,45,161,4506
9345,4704,29,714,5096
9346,4433,8,3,5395
1157,4134,37,32,4830
9352,4141,2,146,5587
1163,4238,47,780,4796
1170,4977,27,311,5757
1173,4660,0,552,5263
1174,4393,35,236,5448
1178,4453,25,623,5411
1181,4463,27,995,4572
9375,4705,7,102,5008
9380,4995,39,833,5868
9382,4165,19,872,5646
9388,4607,22,105,5401
1197,4426,19,512,5364
1200,4554,10,243,4622
1203,4135,13,115,5772
1205,4563,29,901,4724
1207,4663,22,995,5929
9759,4809,4,535,4848
1216,4338,35,711,4541
1217,4570,26,677,4577
1220,4761,13,81,4791
1222,4486,19,791,4739
1224,4770,15,648,5833
1225,4935,42,717,5300
1226,4703,50,86,5092
1229,4984,48,897,5441
1231,4672,28,55,5659
9424,4497,4,308,5300
9429,4559,40,317,4864
1239,4012,22,11,5219
1240,4054,45,74,5313
1241,4277,4,363,4778
1244,4078,35,135,5954
1245,4538,46,344,5992
1252,4909,32,429,5473
9445,4008,19,215,5448
1257,4629,50,189,5386
1259,4408,24,936,4844
9452,4072,24,844,4652
9454,4632,38,127,5905
1264,4630,3,65,4967
9464,4421,24,220,5875
9468,4257,38,530,5417
1278,4140,47,709,5413
1281,4965,29,859,5451
1287,4787,47,629,5670
1288,4578,1,69,5229
9481,4650,40,547,4939
1290,4935,40,583,5722
8407,4272,12,351,5977
9484,4733,28,823,5650
9485,4371,27,79,5981
9487,4722,39,985,5280
9489,4088,20,878,5098
9492,4991,45,815,5669
1302,4857,35,577,4530
9496,4444,12,372,5801
1305,4953,25,823,4837
9504,4428,49,267,5865
1313,4897,37,648,5595
9509,4140,12,699,5140
1318,4831,17,254,5224
1320,4342,38,437,4755
9513,4309,36,286,4915
9515,4600,4,472,4610
1324,4775,17,912,4785
1325,4009,47,193,4911
1326,4593,30,538,5914
1330,4097,10,524,5592
1331,4057,0,158,5465
1332,4080,32,638,4928
1339,4008,42,443,5579
9532,4804,45,560,4664
1342,4596,45,257,4508
1343,4290,40,101,5371
9536,4811,28,6,4967
1345,4578,25,481,5955
1346,4883,5,163,4738
1349,4967,5,887,5608
9544,4845,16,957,5799
9546,4503,0,591,5860
1355,4078,27,630,4636
9548,4687,12,439,4867
8418,4648,5,496,4652
9553,4147,23,312,5844
9557,4196,16,584,4560
9559,4791,10,486,5899
1369,4306,32,150,5154
1371,4980,40,55,5549
1374,4424,41,216,4516
9572,4234,33,368,5956
1381,4160,1,131,5790
9575,4706,19,495,5906
9576,4400,43,674,5701
1389,4513,5,718,5127
9583,4574,32,96,5870
9584,4438,49,822,5685
9589,4419,17,665,4683
9592,4857,21,570,4812
1401,4372,23,146,5228
9594,4681,42,338,5638
9598,4586,50,775,5126
1409,4220,25,406,5272
1410,4907,49,287,4911
9604,4564,45,337,4699
1414,4070,13,817,4698
1415,4362,37,745,5027
9608,4828,6,901,5777
9616,4523,24,966,5296
1426,4895,35,934,4972
1428,4591,14,150,5602
1429,4844,3,213,4679
1431,4079,35,445,4728
1433,4741,27,474,5931
1435,4632,16,122,4929
1437,4164,45,673,5603
9632,4664,22,854,4794
1441,4390,32,204,4888
9798,4373,21,460,5123
1446,4110,19,63,5492
1449,4929,33,749,5645
9642,4685,48,43,5310
9643,4678,46,627,4828
1456,4040,30,584,5879
9801,4273,4,948,5971
9657,4342,11,247,5164
1466,4806,49,213,5456
1467,4862,22,205,5724
1470,4437,29,24,5498
9663,4890,5,201,4575
9669,4504,1,74,5778
9051,4752,38,829,5150
9675,4693,3,733,5677
9677,4738,0,738,5209
1487,4046,32,508,4665
1488,4563,38,126,5757
1489,4545,38,539,5086
9683,4281,23,938,5299
1492,4080,11,318,4810
1494,4902,6,638,5808
9690,4515,19,171,4731
1503,4212,5,794,4598
1505,4689,18,929,4577
9699,4917,24,634,5109
1509,4250,31,538,5842
1510,4728,19,834,4595
1511,4658,33,214,5611
1512,4870,1,524,4572
1517,4511,22,656,4518
1518,4054,14,732,5754
1520,4300,38,935,5637
1521,4783,47,550,5154
9715,4674,4,982,5681
1528,4481,40,548,5706
1532,4853,46,784,5133
9725,4647,26,487,5894
9733,4926,36,530,5540
9734,4156,35,112,5629
1546,4524,17,335,5222
1547,4035,9,760,4799
1548,4086,35,970,4978
1551,4246,22,751,5562
1555,4756,12,663,5736
9748,4162,8,817,4780
1557,4814,6,625,5957
9751,4519,39,750,4506
9752,4733,15,280,4668
9754,4306,17,644,4996
1566,4756,31,818,4577
1567,4393,9,883,5962
1570,4883,4,620,4874
1572,4671,29,648,5646
9766,4340,14,562,5259
1577,4953,50,527,5502
1579,4220,8,746,5008
1580,4279,39,212,5584
1584,4823,30,912,4527
9778,4125,38,469,5482
1587,4662,45,830,4728
1588,4628,31,127,5534
1589,4109,19,708,5005
9787,4855,15,27,4837
1601,4867,1,282,5669
9795,4657,3,507,4851
1606,4339,6,823,5568
1609,4345,46,611,4781
1611,4244,10,688,4872
9806,4769,25,99,4785
1616,4719,31,687,5876
9811,4261,13,838,5030
9812,4506,9,570,4754
9874,4378,40,996,5520
1624,4131,4,407,5668
1626,4112,18,805,4553
1627,4574,11,446,5074
1629,4066,28,122,4614
1630,4231,27,434,5645
9056,4267,27,44,5077
1636,4157,6,169,5450
9829,4587,5,173,5672
9832,4488,50,152,4587
9833,4203,22,707,4988
1648,4760,48,946,5307
9846,4076,28,440,4781
1655,4086,25,576,5578
1656,4927,23,21,5262
1659,4166,50,937,5804
1660,4366,39,902,4536
1661,4088,3,80,4881
1663,4770,41,751,4543
1664,4185,1,544,4568
1667,4766,40,98,5458
1668,4528,21,443,5960
1669,4181,28,915,5833
1670,4963,21,677,5260
1671,4030,31,678,5377
1673,4005,15,931,5399
1674,4320,47,517,5257
9868,4455,25,794,5690
9869,4946,48,223,5877
1678,4062,48,342,5559
1682,4356,42,866,5085
1685,4615,13,88,5197
9879,4301,1,371,5067
1688,4713,16,970,5128
1691,4086,3,468,4681
9884,4169,4,818,5343
1694,4199,27,213,5610
1695,4288,35,63,4661
8475,4402,42,601,5294
9896,4422,31,318,5870
9897,4785,3,812,4589
9900,4106,43,507,5357
1711,4871,37,609,5391
1712,4141,3,507,4602
9909,4886,48,932,5706
9910,4069,48,283,5197
9912,4841,28,540,5613
1724,4467,30,896,4544
9918,4197,39,432,4776
8480,4100,49,195,4658
9927,4949,39,916,5596
9928,4688,48,839,5382
1737,4172,23,385,4536
9930,4872,6,385,5943
1739,4924,17,183,4534
1742,4719,31,627,5956
1743,4558,45,183,5757
9848,4254,30,837,5624
9939,4858,40,704,5745
1749,4072,26,569,5607
9944,4014,11,975,5098
1754,4457,7,258,5195
9947,4942,5,193,5931
1757,4035,11,273,4723
9958,4108,45,884,5035
1767,4042,23,99,4794
9960,4966,3,636,4509
1769,4063,23,751,5033
1770,4683,14,508,5306
1771,4201,2,737,4605
1773,4886,32,699,4609
9967,4994,30,436,4539
1776,4062,22,509,4969
1779,4058,47,820,5037
1781,4286,19,472,4855
1784,4741,49,97,5431
9977,4284,27,527,5556
9855,4364,17,736,4938
1788,4784,47,625,5119
1789,4538,17,977,5572
1790,4369,38,40,4572
1791,4127,35,17,5170
9992,4137,26,184,5372
1801,4228,12,538,5265
9995,4273,30,132,4908
8493,4071,6,760,5962
1809,4423,35,329,5260
1814,4343,24,855,5173
9861,4303,28,664,5128
1826,4066,28,34,5701
1830,4993,33,258,5551
1832,4186,43,876,5200
1833,4870,46,500,5646
1836,4942,19,91,5511
1837,4443,27,565,5077
1840,4659,1,385,5289
9865,4323,50,995,5804
1849,4759,1,729,5712
1854,4865,31,560,4641
1869,4204,37,492,5052
1871,4833,31,602,5463
8504,4409,48,800,5441
1876,4479,1,403,4590
9870,4215,33,433,5122
1881,4470,22,90,4850
1887,4114,15,281,4705
1888,4262,29,372,5089
1891,4406,33,981,5776
1901,4660,21,757,4523
1911,4006,9,948,4587
9877,4618,22,36,5532
1920,4254,47,705,4607
1922,4845,47,265,5583
1923,4024,41,527,5608
1931,4686,49,198,5921
1933,4548,35,410,5829
1934,4282,0,12,5679
1942,4933,38,393,5831
1950,4602,33,652,5334
1952,4716,47,216,5824
1962,4240,22,516,4915
1965,4805,4,327,5393
1968,4348,13,746,5303
1978,4905,49,164,4915
1979,4502,22,270,4892
1989,4421,32,403,4666
1992,4673,38,11,4918
1995,4644,18,227,5742
1997,4459,17,725,5449
9891,4808,27,186,5592
2005,4264,2,515,4885
2010,4831,14,838,5659
2016,4638,11,667,4940
2017,4075,20,456,4812
2019,4116,45,35,5563
2020,4673,38,356,5769
2021,4761,45,118,5976
2026,4545,3,816,5001
2028,4954,37,43,5303
2031,4105,12,354,5109
2036,4273,29,750,5242
2038,4264,42,69,4627
2039,4030,27,448,4783
2040,4417,23,680,5043
2045,4744,50,768,5205
8306,4299,34,122,4618
2056,4206,50,546,5111
2060,4782,26,804,5829
2062,4249,42,924,5478
2064,4008,32,577,5468
2066,4082,14,296,4920
2069,4315,29,265,5343
2074,4220,14,203,5325
2077,4031,36,183,5054
2080,4678,43,563,4994
2082,4506,23,279,5458
2083,4899,5,714,4680
2085,4908,2,748,5917
2094,4493,0,157,4620
2109,4091,25,335,4921
2111,4017,48,79,5941
2114,4220,47,568,4796
2121,4548,22,288,5787
2129,4808,32,448,4550
8547,4069,28,142,5930
2132,4028,47,515,4634
2136,4445,47,553,5536
8548,4901,7,829,5455
2139,4303,24,965,5823
2142,4599,8,153,5810
2156,4583,25,652,4689
2165,4965,49,139,4606
2168,4897,5,200,4564
2172,4895,34,732,4555
2177,4620,22,691,5571
2178,4689,14,764,4699
2187,4967,41,704,5488
2192,4635,1,382,4857
2198,4075,27,160,4513
2202,4834,12,526,5245
2206,4239,30,925,4840
2207,4376,32,589,5475
2209,4295,5,77,5990
2212,4569,19,432,5743
2216,4286,40,72,5867
2223,4397,39,959,4721
2226,4000,9,282,5907
2228,4655,48,769,5476
2233,4093,3,727,5135
2245,4292,28,684,5326
2247,4402,16,539,4578
2249,4943,43,162,5614
2250,4838,47,859,4798
2254,4007,1,176,5871
2261,4236,27,254,5025
2262,4521,2,471,5405
2273,4197,49,611,5150
2275,4411,47,75,4712
2282,4222,14,886,5563
2289,4904,21,791,4503
2293,4020,49,575,5749
2294,4661,35,768,5389
2295,4815,32,936,5853
2300,4349,8,315,5067
2301,4662,21,860,4608
9941,4088,49,362,5037
2326,4147,0,757,4974
2330,4646,16,683,5581
2331,4162,19,516,5379
2334,4489,31,101,4511
9625,4575,31,674,5761
2340,4634,1,798,5903
2341,4360,13,354,5929
9949,4618,4,159,5059
2353,4894,0,84,5712
2358,4270,30,605,5095
2359,4855,19,869,4692
2361,4734,7,210,5125
2362,4360,49,855,5815
2367,4929,41,937,5583
2370,4016,18,114,5663
2372,4577,35,1000,5635
2385,4666,21,128,5461
2393,4535,11,766,4908
2394,4482,31,383,4916
2396,4193,2,151,4533
2397,4237,29,307,4718
2399,4963,20,340,5298
2404,4150,36,291,5168
2407,4519,27,143,5503
2410,4358,13,849,4671
2416,4140,35,13,5053
2417,4226,39,686,5718
2418,4946,18,988,4666
2419,4791,36,760,5617
2420,4788,8,885,4951
2421,4955,29,595,4792
2422,4839,18,722,5319
9961,4315,1,675,4808
2424,4005,38,705,4556
2425,4940,11,431,4597
2434,4932,28,636,5533
2436,4593,48,146,5312
2440,4990,4,459,4871
8599,4369,17,425,5657
2446,4526,37,570,5197
9965,4404,13,319,5426
2448,4040,41,80,5629
2451,4539,17,874,4715
2453,4411,46,747,4686
2455,4496,11,735,4562
2458,4428,4,324,4841
2463,4303,46,127,5408
2469,4623,29,118,5516
2470,4606,12,426,4643
8604,4973,32,839,5777
2474,4946,3,0,5640
8605,4552,30,706,4604
2483,4421,22,85,5778
2485,4144,14,171,5268
2494,4864,1,110,5989
2496,4089,30,550,5751
2498,4135,41,325,5134
2504,4779,36,645,5477
2511,4701,46,120,5663
2513,4950,47,36,4689
2520,4345,1,792,5941
2525,4777,41,383,4642
2528,4819,16,222,4833
9979,4416,23,647,4750
2532,4154,47,648,5197
2537,4873,27,96,5569
2540,4205,29,786,4720
2543,4920,15,830,5811
2544,4180,46,403,5440
2547,4655,34,701,5256
2548,4570,5,490,5478
2550,4042,9,827,5285
2551,4545,21,358,5197
2552,4963,5,373,5552
2560,4550,21,234,4868
2562,4089,29,563,5608
2564,4012,1,417,4997
2568,4222,49,668,5811
2569,4786,24,669,5784
2571,4267,29,291,5484
2576,4524,27,550,4534
2577,4375,41,433,5326
2578,4671,16,626,5401
2580,4927,25,428,5439
2581,4722,9,745,5476
2586,4641,50,369,4610
2591,4925,19,817,5483
2594,4930,40,669,5571
2599,4982,34,404,5764
2604,4762,7,789,4831
2612,4237,22,390,5242
2614,4158,34,388,5464
9993,4920,3,589,5013
2619,4920,15,788,5257
2621,4414,48,580,5952
2624,4051,32,553,5550
2628,4194,50,602,4957
2629,4468,21,3,4822
2639,4356,18,813,4946
2641,4772,4,417,4586
2643,4928,26,966,5735
2644,4470,0,20,5001
2647,4336,35,131,5485
2661,4773,22,683,5707
2664,4950,5,622,4858
2673,4004,45,106,5142
2676,4209,2,4,5557
2678,4838,24,420,5764
2686,4506,48,182,5693
2687,4840,15,969,4589
2688,4889,1,282,5353
2690,4136,46,887,5438
2691,4239,15,292,5315
2693,4379,46,327,4527
8273,4866,18,526,4799
2695,4908,26,69,4889
2709,4702,48,926,5086
2712,4872,43,68,5475
2714,4825,50,691,5717
2716,4110,29,805,4888
2722,4697,2,551,5402
2723,4323,45,830,5143
2725,4531,43,284,4761
2729,4799,29,930,4819
2730,4015,48,0,5807
8820,4011,35,718,4533
2739,4325,33,933,5302
2741,4727,26,315,5728
2744,4923,50,520,5823
2745,4325,0,169,5947
2746,4369,4,836,5474
8650,4405,37,548,5360
2752,4944,14,597,5137
2753,4519,48,371,5416
2759,4640,21,652,5493
2761,4196,45,577,5853
2764,4715,39,120,5035
2767,4211,48,847,5688
2773,4947,10,400,4910
2775,4835,3,975,4738
2778,4008,50,726,5522
2781,4510,29,611,5308
2790,4319,0,528,5272
2799,4569,41,179,4647
2802,4448,23,954,5157
2812,4490,16,542,5733
2814,4765,21,639,5734
2821,4661,40,158,5039
2834,4150,13,540,5544
2846,4378,13,411,5877
2859,4060,44,374,4966
2861,4464,4,829,4902
2868,4112,46,216,5729
2869,4817,16,545,5805
2871,4816,32,301,5193
8671,4009,50,607,5384
2880,4738,11,136,5824
2882,4664,13,988,5362
2885,4780,27,725,5398
2891,4139,15,575,5566
2893,4337,10,175,5744
2897,4213,32,315,5300
2899,4490,7,888,4552
2900,4091,32,2,5717
2906,4778,44,460,5352
2915,4782,24,171,4683
2917,4508,4,947,4903
2920,4093,36,128,5184
2922,4400,1,267,5027
2926,4577,32,985,5452
8680,4556,14,918,5352
2944,4909,4,32,5383
2947,4953,30,670,4969
2949,4257,49,434,4813
2952,4068,1,269,4758
2955,4605,33,791,5663
2957,4332,29,775,5697
2970,4622,13,932,4621
2971,4233,25,623,5041
2977,4244,4,948,5296
2979,4035,28,245,5862
2982,4992,26,11,5845
2986,4005,48,612,5355
2988,4931,12,619,5852
2999,4583,12,275,5891
3001,4071,41,761,5123
3002,4225,8,653,4772
3023,4164,9,111,5205
3027,4099,49,99,5414
3030,4419,48,251,5720
3033,4549,8,897,5701
3036,4946,6,176,4724
3039,4228,28,148,5905
3040,4164,24,696,4759
3042,4472,34,605,5842
3045,4057,6,717,5773
3047,4156,13,430,5298
3057,4573,50,96,5067
3061,4269,3,336,5889
3062,4095,17,715,5300
3063,4887,23,941,5745
3066,4062,41,472,5697
3068,4782,11,684,5706
3071,4799,43,369,4817
3073,4413,24,296,4730
3075,4426,31,683,4789
3080,4068,7,435,5079
3090,4761,30,880,5519
8709,4210,19,738,5201
3104,4367,16,515,5389
3107,4458,32,192,4838
3109,4817,26,811,4672
3113,4419,30,499,5115
3116,4722,18,459,5887
3117,4328,27,230,5345
3124,4264,3,78,5712
3128,4023,14,244,4675
3129,4186,37,246,5986
3131,4687,42,477,5618
3135,4725,26,237,4619
3137,4420,10,318,5817
3144,4917,42,572,4516
3146,4937,4,596,5010
3150,4243,21,92,4611
3154,4573,3,898,4841
8719,4187,46,565,5826
3172,4045,40,695,5977
3173,4385,2,166,5778
3178,4235,44,753,5396
3180,4493,37,644,5569
3194,4367,16,481,5056
3195,4940,30,835,4711
3205,4362,10,690,5989
3207,4062,17,522,5321
3208,4049,23,188,4909
3215,4336,46,192,5611
3220,4753,34,842,5102
3226,4475,7,375,5834
3231,4396,31,497,4743
3233,4148,42,680,5168
8731,4675,23,321,5113
3241,4848,25,893,5917
3245,4644,45,916,4525
3247,4189,21,821,5522
3249,4895,14,898,4929
3252,4505,46,944,4970
3256,4295,49,950,5394
3259,4346,19,117,5168
3260,4243,13,400,5044
3277,4880,44,603,5539
3281,4566,40,364,4940
3282,4598,25,57,5201
3289,4945,25,138,4870
3293,4773,26,771,4723
3294,4199,29,415,5929
3300,4418,16,713,5570
3307,4492,45,103,5726
8744,4092,3,679,4920
3317,4372,10,834,5595
3318,4166,21,571,5220
3325,4522,8,215,5770
3341,4226,11,305,5635
3342,4080,16,892,5433
3346,4055,39,861,4855
3348,4498,39,237,5791
3358,4993,16,187,5206
3360,4064,9,750,5470
3368,4933,11,566,5777
3373,4374,8,92,4879
3380,4843,3,387,4890
3383,4509,8,545,4617
3385,4560,10,314,5385
3386,4794,12,857,5817
3390,4685,21,626,4990
3399,4358,7,509,4537
3400,4749,44,633,5195
3402,4026,10,798,5362
3413,4214,32,37,4728
3418,4882,46,231,4623
3421,4686,20,653,5646
3430,4460,40,978,4793
3436,4290,25,464,5393
3437,4021,48,135,5286
3438,4793,1,993,5347
3440,4063,18,473,4543
3442,4968,38,300,5131
3455,4772,20,993,4575
3461,4792,12,298,5359
3463,4268,37,236,5928
3464,4633,33,204,5968
3467,4400,47,12,5689
3470,4821,47,84,5529
3471,4135,6,791,5085
3480,4722,37,369,5130
3481,4158,4,600,5125
3492,4035,1,916,5090
3498,4722,34,454,4891
3499,4260,13,979,5189
3500,4127,16,225,4800
3505,4970,23,861,5169
3511,4654,8,120,5946
3514,4857,20,915,5642
3516,4025,43,386,4886
3519,4751,5,759,4909
3526,4366,42,759,5849
3527,4584,6,657,4778
3529,4662,3,525,5908
3530,4544,13,381,4672
3533,4186,41,26,4623
3550,4739,29,965,4644
3556,4632,38,999,5889
3560,4146,3,881,5266
3562,4820,20,452,5891
3566,4734,30,353,5481
3571,4476,36,761,5366
3574,4873,2,344,4905
3577,4683,25,269,5859
3579,4460,27,341,5797
3586,4206,4,516,5867
3588,4966,41,45,5559
3590,4153,40,307,4647
3593,4066,7,424,4783
3595,4689,10,642,4588
3598,4138,26,631,5318
3600,4942,20,235,4806
3609,4394,49,776,4526
3613,4523,12,144,5330
3614,4832,50,696,5882
3623,4602,8,256,4969
3625,4341,47,309,5645
3633,4249,17,585,5620
3640,4255,50,885,5382
3646,4258,27,400,5272
3650,4137,39,829,5250
3651,4401,36,584,4575
3654,4970,33,516,5959
3657,4051,46,686,4964
3660,4564,37,990,4922
3663,4379,0,285,5035
3669,4623,35,624,5632
3671,4590,41,567,4901
8804,4037,44,791,5239
3677,4590,28,524,4599
3683,4235,39,906,5871
3685,4838,7,194,4984
3691,4620,43,435,5130
3698,4554,47,63,5060
3702,4324,29,492,4517
8809,4854,2,404,5596
3704,4197,18,85,4920
3705,4805,16,722,4938
3707,4295,12,174,4996
3708,4227,14,56,4981
3711,4789,11,376,4881
3714,4142,42,707,4782
3715,4246,2,610,4682
3719,4759,38,773,5191
3721,4356,25,905,4628
3722,4844,14,257,5539
3726,4440,46,372,4943
3728,4406,22,122,5237
3731,4264,11,386,5100
3734,4750,17,200,4985
3735,4988,36,665,5770
3739,4674,37,295,5810
3742,4460,29,5,5548
3744,4934,12,566,5940
3752,4192,9,697,5134
3754,4757,44,7,5259
8818,4101,6,134,4601
3760,4277,44,82,5790
3764,4973,45,550,5138
3767,4845,23,340,4913
3768,4269,6,976,5277
3769,4102,44,314,5533
3775,4430,22,783,4795
3780,4433,12,324,4613
3788,4808,40,556,5208
3793,4942,29,947,5152
3794,4954,47,183,4525
3797,4840,33,292,4753
3801,4356,13,47,5360
3806,4940,44,561,5322
3808,4907,13,479,5314
3810,4741,44,883,5495
3817,4020,16,23,4956
3819,4802,10,453,5555
3820,4444,46,581,5062
3824,4432,37,624,4871
3825,4879,47,709,5396
3827,4699,13,244,4663
3828,4173,16,38,4583
8311,4489,2,358,4978
3836,4634,6,184,4868
3841,4558,50,479,4654
3844,4280,31,771,5180
3845,4780,19,731,5957
3846,4322,44,74,4976
8833,4891,6,769,4941
3849,4629,9,691,5609
3857,4692,19,108,5015
3861,4986,25,699,5695
3872,4565,42,926,5813
3873,4392,14,193,5035
3877,4069,45,763,5073
3878,4750,41,355,5786
3879,4917,16,389,5835
3880,4989,39,480,5066
3882,4882,15,140,4525
3883,4722,5,474,5454
3890,4450,47,416,5850
3892,4187,16,170,5308
3893,4302,35,638,4631
3900,4780,29,561,5849
3903,4166,14,545,5820
3905,4388,37,902,5108
3906,4718,5,33,5591
3907,4595,43,864,5264
3908,4626,7,979,4527
3911,4957,4,14,4890
3912,4539,27,705,5347
3917,4613,41,442,5338
3918,4639,36,435,5802
3921,4030,32,876,4957
3925,4773,35,52,5335
3926,4018,13,470,5636
3931,4617,8,809,4544
3937,4566,5,487,4844
3940,4494,40,962,4709
3943,4646,22,891,4975
3956,4586,9,640,5480
3977,4469,35,913,5767
3979,4028,45,983,5471
3980,4204,12,330,4984
3984,4421,46,227,5337
3987,4958,46,396,4557
3988,4273,29,672,5166
3989,4935,32,357,4517
3995,4359,45,879,5382
3998,4280,7,291,4992
4001,4582,9,14,4882
4004,4841,4,704,4954
4011,4839,32,526,5726
8861,4127,14,536,5536
4017,4149,22,932,5909
4018,4878,6,344,4867
4019,4174,15,94,4705
4025,4287,0,123,4518
4028,4373,7,536,4989
4031,4710,31,759,5860
4034,4351,1,417,5225
4035,4953,11,159,5873
4040,4961,36,619,5724
4041,4110,30,756,5345
4045,4088,27,422,5136
4051,4046,8,393,5214
4054,4490,50,510,4819
4055,4867,27,706,5283
8868,4568,8,985,5475
4065,4826,0,969,5252
4067,4698,12,867,5768
4068,4007,46,279,5593
4079,4474,17,25,5720
4080,4057,26,159,4621
4082,4524,26,632,5162
4092,4891,22,928,4504
4093,4021,7,495,5767
4098,4057,3,832,4914
4099,4594,15,301,4581
4106,4981,39,525,5847
4109,4376,31,794,5428
4110,4807,46,997,5565
8877,4149,33,244,5832
4113,4963,34,73,5289
4115,4240,41,92,4749
4122,4707,34,571,5182
4123,4618,24,559,4508
9412,4923,49,944,4790
4134,4349,29,555,5892
4135,4658,5,305,4533
4138,4185,14,87,5518
8882,4665,9,266,4897
4142,4193,45,95,5184
4143,4729,33,457,5583
4144,4576,29,156,5778
4145,4958,13,75,5895
4148,4445,9,348,5618
4155,4280,44,219,4567
4160,4004,30,89,5129
4162,4697,39,241,5914
4165,4246,10,128,5640
4169,4066,35,959,5108
4174,4051,0,987,5788
4178,4395,14,955,5713
4180,4491,15,76,5786
4184,4307,21,174,5891
4196,4329,10,673,5118
4198,4195,49,842,4777
4202,4586,10,646,5517
4203,4235,7,74,4518
4209,4740,50,56,5426
4215,4322,5,340,4650
4221,4437,50,288,5750
4223,4554,21,512,5498
4225,4987,3,825,4673
4229,4526,35,416,4682
4231,4971,0,471,5840
4235,4466,34,178,4758
4236,4670,15,7,5462
4238,4937,42,428,5651
4241,4594,8,585,5384
4257,4626,41,519,5725
4260,4838,0,830,5400
4263,4445,42,281,4511
4264,4790,32,588,4874
4265,4811,20,702,5490
4266,4661,16,498,5317
4267,4377,18,560,4878
4268,4797,30,210,5606
4269,4944,37,58,4585
4272,4617,36,271,5798
4277,4690,24,487,5683
4283,4878,16,217,5519
4284,4802,6,313,5921
4286,4250,23,434,5245
4295,4098,18,796,4681
4297,4764,49,980,4724
9418,4478,30,872,5200
4314,4397,30,723,5760
4315,4420,35,947,4980
4316,4410,5,970,5462
4319,4159,10,590,5037
4322,4216,1,647,5436
4326,4694,30,418,4861
4327,4760,13,471,4646
4335,4043,11,564,5051
4338,4115,29,764,5746
4346,4680,30,416,5642
4361,4443,48,188,5633
4364,4168,41,454,5518
4366,4615,33,407,5377
4368,4105,25,202,5867
4370,4449,23,543,5774
4372,4522,30,32,5089
4374,4900,0,443,4862
4377,4384,34,628,5047
4378,4334,48,271,4532
4379,4182,37,980,5330
4387,4672,49,846,5320
4389,4776,26,820,5319
4391,4963,44,480,4985
4394,4418,37,598,5227
4399,4437,42,432,5937
4412,4333,0,543,4953
4413,4061,34,231,4770
4414,4926,12,145,4901
4419,4341,1,754,5087
4420,4916,25,557,5851
4423,4023,49,268,5240
4424,4475,9,472,5457
4425,4023,47,604,5587
4426,4341,12,13,4774
4428,4969,3,855,4884
4431,4701,11,523,5591
4438,4154,31,609,5318
4443,4192,4,347,5137
4444,4250,22,795,4933
4446,4173,1,874,5869
8933,4514,25,111,5161
4455,4734,26,866,4721
4463,4028,44,482,5358
4469,4554,6,767,4989
4477,4166,15,717,5285
4480,4812,13,89,5342
4483,4123,23,770,5074
4487,4930,13,193,4565
4495,4802,30,637,5709
4501,4263,37,250,5326
4503,4886,13,932,5314
4505,4910,17,87,4592
4506,4852,9,950,4805
4507,4082,24,555,4800
4510,4704,48,864,5654
4511,4939,2,636,5051
4514,4136,29,840,4904
4519,4924,41,667,4943
4522,4023,15,857,5231
4535,4569,45,614,4838
4536,4360,2,277,5092
4541,4088,47,990,5136
4550,4654,15,285,5867
4552,4694,8,648,5323
4561,4995,24,146,4740
4564,4160,25,188,5877
4566,4192,16,414,5390
4573,4679,33,995,4528
4574,4943,33,814,5016
4575,4401,36,24,5706
4582,4262,15,104,5068
8956,4527,27,191,5084
4594,4518,8,711,5016
4597,4254,28,456,4637
4605,4626,41,614,4641
4610,4116,41,764,4533
4611,4273,7,538,5174
4612,4724,38,163,4779
4614,4731,45,375,4981
4616,4316,38,115,4939
4617,4795,12,917,5927
4620,4572,23,25,4571
4621,4307,29,610,5783
4628,4745,24,661,5949
4629,4455,27,469,4546
4631,4427,26,55,4814
4633,4494,41,92,5489
4638,4432,7,350,4553
4639,4117,12,414,4918
4647,4459,5,395,4597
4650,4471,34,529,4528
4654,4146,30,700,4945
8968,4511,10,878,5473
4662,4443,15,899,5957
4664,4067,25,441,4912
4671,4094,17,847,5365
4676,4806,2,516,5193
4677,4577,7,797,5695
4679,4638,10,277,5244
4680,4905,43,381,5335
4681,4638,36,272,5825
4691,4501,27,261,5587
4701,4936,26,825,5932
4707,4112,35,630,4748
9704,4798,19,611,5849
4710,4804,24,430,5513
4711,4216,43,939,5018
4715,4584,47,664,4659
4717,4824,6,783,4908
4719,4692,47,356,5897
4724,4332,35,825,4802
4726,4883,15,252,5559
4732,4277,19,365,5512
4747,4887,19,487,5777
4749,4610,3,887,5105
4750,4432,50,460,4819
4751,4413,5,44,5736
8984,4895,23,769,5237
4755,4922,15,135,5903
4761,4183,2,314,4979
4763,4481,8,462,4637
4765,4851,6,507,5238
4766,4951,18,120,5605
4768,4994,0,264,4698
4769,4800,18,484,4609
4772,4433,45,366,5499
4784,4107,17,542,5029
4789,4063,49,516,4537
4793,4971,26,681,4870
4794,4690,10,525,5239
4796,4402,46,10,4755
4797,4950,39,445,5135
4798,4112,5,292,5112
4801,4329,7,961,5206
4804,4096,3,190,5598
4806,4198,34,78,4883
8993,4342,42,625,5887
4808,4751,46,597,4586
4811,4319,5,826,5783
8994,4076,28,8,4973
4814,4043,27,273,4942
4815,4495,43,207,4892
4816,4330,47,272,5859
4827,4978,4,788,5950
4836,4907,25,585,5819
4840,4620,47,711,5923
4845,4357,4,467,5525
4846,4297,2,873,5193
4847,4799,17,298,4840
4848,4334,12,815,5262
4850,4975,27,230,5291
4853,4627,50,938,4759
4855,4523,48,899,5714
4856,4343,43,251,4941
4858,4460,18,420,5217
4862,4002,43,895,4505
4867,4645,17,259,5092
4869,4256,17,457,5201
9004,4222,33,822,5994
4878,4893,28,427,4604
4882,4910,36,807,5468
4888,4944,39,314,5484
4889,4061,23,922,4765
4894,4023,5,972,4774
4895,4163,32,914,5131
4900,4953,28,922,5729
4906,4626,37,644,5635
4909,4639,37,511,5633
4910,4666,35,96,4821
4912,4374,49,193,4859
4915,4310,36,514,5008
4916,4563,33,564,5714
4922,4887,8,56,5966
4927,4968,14,311,4546
4929,4267,13,650,4715
4930,4692,28,746,5053
4931,4749,41,368,5478
4932,4045,25,258,5685
4934,4910,48,360,5436
4935,4082,37,588,5222
4938,4229,47,317,5363
4944,4488,4,85,5634
4950,4245,7,370,5065
4951,4425,7,331,5309
4955,4235,3,382,5307
4958,4499,6,32,5434
4966,4444,0,858,5994
4972,4465,23,207,5028
9713,4726,25,349,5485
4980,4007,11,480,5577
4982,4769,22,273,5723
8622,4376,30,632,5528
4984,4296,32,26,4570
4986,4378,35,973,5556
4987,4492,42,110,5712
4996,4243,6,645,5248
5000,4752,21,728,5847
5004,4792,13,248,5122
5012,4087,16,988,5642
5015,4743,40,555,5946
5023,4900,48,489,4967
5030,4671,34,208,5050
5034,4835,41,803,4693
5045,4253,3,157,5524
5050,4812,23,251,4931
5054,4391,35,876,4938
5064,4242,16,176,4927
5066,4498,34,948,5094
5069,4742,3,935,5514
5072,4851,46,436,4511
5073,4359,45,238,5850
5074,4699,40,6,5701
5081,4191,24,948,5469
5083,4402,26,592,5107
5088,4826,5,863,4610
5096,4406,48,598,5210
5103,4576,18,712,5119
5107,4066,1,307,5861
5117,4264,9,778,5218
5118,4959,6,552,5446
5121,4890,46,879,4759
5129,4895,5,985,5596
5138,4052,0,669,5083
5142,4208,18,648,5418
5144,4901,48,269,5836
5146,4391,30,193,4628
5149,4975,0,35,5350
5152,4372,30,97,5295
5153,4667,42,9,5620
5154,4812,39,291,4549
5155,4383,32,313,5315
5157,4278,47,597,5378
5161,4878,14,190,5555
5168,4727,4,711,5481
5172,4386,48,87,5451
5175,4887,0,402,5687
9055,4922,16,563,5281
5185,4997,15,412,4791
5193,4057,30,833,5627
5197,4848,47,72,5592
5198,4297,13,962,4599
5202,4839,42,249,5885
5210,4561,14,749,5699
5218,4053,39,570,5767
5219,4142,30,944,5138
5226,4929,10,688,5503
5227,4131,1,726,5618
5232,4587,50,513,5660
5241,4158,32,204,5244
5245,4148,3,716,5349
5248,4982,8,768,5093
5256,4360,20,291,5532
5258,4761,3,994,5166
5264,4395,8,303,5146
5271,4276,38,129,5230
5274,4132,5,499,5532
5276,4778,2,55,5604
5277,4061,19,918,4800
5278,4746,26,976,4551
5282,4986,33,466,4572
5289,4159,11,758,4512
5290,4844,35,367,4869
5291,4260,17,55,4983
5294,4725,28,91,4954
5296,4811,42,762,5179
5297,4081,20,718,5674
5300,4094,46,395,5412
5301,4111,4,873,5686
5302,4684,16,296,4512
5303,4575,33,231,5217
5307,4602,5,405,5284
5310,4753,41,436,5011
5315,4445,49,896,4758
5317,4849,18,320,5481
5324,4677,28,520,5583
5329,4937,1,714,5079
5338,4838,49,642,4763
5344,4053,50,840,5339
5348,4197,41,141,5889
5350,4838,37,890,4540
5357,4316,32,657,4702
5366,4893,19,734,4928
5379,4122,12,901,5402
5387,4199,48,2,5132
5388,4083,21,606,5922
5390,4937,35,886,4699
5394,4193,33,428,4531
5396,4738,1,500,5230
8363,4186,17,594,4550
5403,4117,15,288,4725
5404,4838,2,15,4534
5406,4074,2,339,4837
5414,4780,3,269,5413
5416,4263,47,839,4758
5417,4411,48,872,4738
5418,4754,49,771,4788
5420,4053,16,85,5384
5421,4224,26,381,5835
5423,4164,33,578,5277
5424,4904,40,356,5572
5428,4199,45,275,5113
5429,4569,14,714,5447
5430,4190,25,184,5797
5438,4849,16,500,5275
5440,4953,2,398,5289
5441,4049,44,808,5782
5442,4204,28,108,5511
5443,4526,7,360,4718
5445,4423,33,644,5339
5454,4172,48,988,4929
9101,4753,20,626,5064
5461,4173,45,396,4887
5462,4515,28,760,4878
5463,4779,44,625,5818
5464,4154,43,380,5545
5467,4098,4,264,4744
5468,4169,26,814,5870
5469,4978,14,404,5905
5473,4288,34,967,5374
5476,4172,41,14,5485
5478,4201,37,976,4521
5485,4214,22,771,5818
5486,4526,17,294,5716
5491,4925,4,269,5839
5497,4612,22,11,5187
5502,4442,23,76,5412
5505,4629,7,550,5959
5508,4331,10,498,5197
5510,4333,33,522,5938
5511,4886,43,290,5569
5516,4299,26,367,5204
5519,4367,10,234,5493
5524,4414,6,815,4783
5525,4703,12,846,5640
5528,4796,25,428,5802
5533,4207,25,424,5363
5537,4467,12,429,4620
5544,4809,32,135,5768
5545,4700,36,511,5168
5546,4458,17,983,4870
5547,4047,42,590,5796
5550,4541,15,197,5668
5556,4785,16,470,5149
5558,4866,48,83,4745
5559,4344,37,881,4560
5561,4442,26,8,5723
5565,4411,35,357,5390
5567,4745,20,7,5923
5577,4602,7,779,4767
5582,4697,34,618,4846
5583,4329,42,45,4652
9123,4883,6,200,5362
5596,4273,18,545,5015
5616,4058,0,436,4810
5617,4485,31,264,5229
5620,4415,46,513,5057
5622,4607,9,659,5379
5624,4254,2,836,5579
5629,4408,17,258,5039
5636,4158,26,56,5785
5641,4688,3,253,4658
5642,4658,41,557,4951
5645,4907,5,253,5289
5648,4710,9,475,5318
5658,4674,8,924,5680
5660,4543,45,344,5353
5661,4734,43,842,5253
5662,4927,49,71,4925
5682,4421,25,588,4835
5684,4095,16,679,5840
5692,4784,23,927,4586
5709,4321,49,13,5515
5716,4127,43,619,5951
5717,4747,17,216,4676
5719,4890,23,574,5074
5721,4506,9,794,5562
5728,4139,18,483,5230
5729,4169,3,848,5808
5731,4046,46,953,5031
5732,4280,16,180,5970
5734,4568,11,73,4811
5739,4420,0,475,4763
5742,4103,6,899,4818
5751,4289,42,490,4685
9151,4523,35,462,4572
5764,4012,49,557,5286
5766,4340,29,280,5503
5769,4259,22,373,5862
5771,4571,19,931,4593
5776,4286,49,372,4540
5777,4478,47,111,4690
5779,4561,25,310,5537
5790,4051,19,881,4607
5801,4772,7,472,5641
9159,4514,6,239,5866
5806,4457,18,753,4639
5810,4122,35,732,5351
9695,4321,15,428,5742
5819,4221,42,157,4956
5821,4762,45,365,4869
5822,4256,37,668,5563
5825,4429,35,51,5346
5830,4003,5,772,5145
9164,4420,8,230,5089
5841,4801,24,656,5314
5843,4351,29,335,5704
5846,4700,10,728,5859
5849,4044,22,544,4900
5853,4442,47,235,4841
5854,4762,28,474,4919
5867,4803,38,998,5792
5872,4915,43,297,5791
5874,4949,4,318,5842
5876,4923,49,241,4809
5878,4460,30,565,4798
5880,4279,21,604,5847
5883,4855,6,515,5408
5887,4477,6,834,5913
5888,4718,21,339,4816
5889,4338,1,528,4833
5893,4708,21,177,4749
5899,4934,14,691,5680
5903,4964,32,803,5634
5904,4915,46,731,4539
5906,4062,0,555,5420
5911,4931,49,634,4977
5912,4532,42,889,4846
5914,4868,38,834,4906
5920,4958,10,898,4929
5923,4234,15,41,5838
5924,4100,33,621,4842
5925,4931,49,987,4532
5930,4003,29,779,5582
5933,4115,50,762,5437
5940,4398,2,694,5130
5942,4094,13,331,5155
5943,4787,34,279,5799
5947,4239,34,435,4759
5955,4371,47,862,5170
5957,4785,42,804,5659
5963,4230,10,926,5360
5973,4926,30,418,5306
5974,4969,32,980,5902
5983,4537,17,151,4623
5988,4208,20,287,5731
5991,4876,49,278,4822
5992,4085,40,949,4697
5995,4860,11,880,4827
5997,4932,20,383,4629
6004,4125,44,615,5982
6009,4611,48,352,5461
6015,4138,25,250,5398
9195,4213,38,509,5742
6029,4040,32,196,5978
6030,4627,41,616,5727
6031,4807,33,868,4689
6041,4175,28,68,5572
6049,4561,18,446,4804
6050,4657,21,303,5081
6053,4237,0,38,4682
6054,4382,14,31,4780
6055,4903,26,168,5342
6059,4377,0,945,4991
6070,4930,22,566,5227
6071,4149,44,462,4773
6072,4264,29,650,4988
6078,4592,28,873,4904
6093,4610,15,825,4589
6100,4570,22,65,4593
6101,4992,17,278,5074
6102,4552,45,865,5718
6104,4449,17,341,5983
6106,4129,26,848,5603
6109,4928,41,581,5284
6111,4210,17,833,6000
6117,4971,14,918,4836
6122,4780,10,993,5073
6123,4990,25,233,5122
6129,4527,31,60,4528
6132,4026,36,842,4728
6133,4623,10,407,5135
6136,4203,34,445,4866
6139,4128,19,136,5948
6141,4935,13,974,5036
6144,4100,28,636,5505
6146,4443,24,60,5236
6151,4190,31,884,4670
6152,4933,41,253,5502
6153,4843,38,283,5417
6154,4277,21,495,5463
6161,4517,26,438,5015
6164,4960,14,66,5603
6169,4091,43,417,5747
6171,4812,8,723,5379
6172,4379,23,573,4955
6173,4296,22,500,4875
6176,4378,43,149,5845
6185,4904,30,653,4578
6201,4554,36,223,4549
6205,4821,2,969,5993
6209,4844,2,939,5478
6210,4706,0,501,5244
6211,4870,40,699,5549
6212,4872,46,848,5002
6216,4693,3,369,5988
6217,4391,42,2,5480
6218,4981,10,977,5935
6225,4134,17,353,5504
6230,4280,45,165,4611
6231,4526,11,336,5184
6235,4015,18,484,4844
6236,4718,6,712,4644
6237,4913,13,868,4807
6241,4069,4,873,5539
6247,4058,15,621,5821
6249,4308,18,690,4890
6250,4013,4,284,4875
6252,4321,18,279,5114
6256,4375,9,611,5104
6269,4901,36,627,5368
6271,4900,37,148,5982
6272,4978,25,166,5874
6273,4691,6,506,4913
6274,4829,39,945,5534
6282,4871,11,535,4755
6289,4106,46,5,5685
6290,4611,28,279,5760
6295,4051,4,261,5859
6296,4441,21,905,4809
6297,4282,2,457,4534
6298,4661,35,78,5654
6300,4661,20,380,5174
9242,4519,45,116,4998
6302,4857,38,980,5002
6304,4973,45,13,5505
6307,4608,0,626,4922
6308,4132,47,760,4903
6309,4939,4,381,4609
6310,4497,39,829,5956
6311,4521,49,53,5901
6313,4263,17,536,5487
6318,4620,18,29,5523
6321,4307,3,396,4704
6326,4580,16,938,4944
6332,4479,20,15,4793
6337,4250,18,23,5871
6342,4941,25,579,5313
6350,4172,46,319,4853
6352,4964,43,864,5532
6354,4082,3,26,5535
6367,4577,3,109,4793
6368,4622,20,820,5659
6373,4457,41,964,5891
6375,4530,34,97,5643
6382,4747,5,235,5550
6385,4454,48,354,5629
6393,4487,15,706,5129
6395,4408,13,805,5200
6398,4103,13,468,4831
6400,4051,47,742,5957
6402,4608,13,412,4725
6406,4351,3,418,5608
6410,4103,37,937,5441
6412,4971,11,174,4983
6419,4533,7,145,4961
6422,4563,49,922,5626
6428,4857,22,251,5008
6429,4234,44,383,4584
6430,4378,18,381,5828
6431,4894,10,520,5489
6441,4783,26,463,5630
6442,4472,37,990,5675
6443,4068,23,249,5146
6447,4941,4,950,4871
6450,4048,37,48,5986
6452,4881,27,464,4644
6458,4677,21,373,5603
6470,4635,30,695,5828
6471,4588,37,444,5443
6480,4933,43,730,5236
6485,4148,48,688,5733
6495,4864,8,468,5814
6497,4575,41,166,5401
6498,4574,18,686,5156
6500,4172,5,813,4983
6503,4259,19,221,5194
9534,4558,25,29,5708
9764,4597,33,324,5871
6513,4213,3,529,4789
6523,4186,35,774,5136
6527,4244,42,700,4983
6532,4041,21,735,5843
6533,4540,13,803,5807
6535,4605,33,808,5915
6544,4256,18,916,4797
6558,4409,9,613,5719
6560,4435,45,669,5821
6576,4185,40,725,5123
6577,4576,3,405,4540
6581,4391,45,532,5555
6585,4066,43,147,4877
6587,4195,3,399,5937
6592,4586,49,359,4616
6596,4800,13,464,4517
6600,4323,47,9,4813
6602,4125,15,951,5778
6605,4939,17,760,4971
6607,4107,16,432,5459
6612,4190,4,399,4558
6616,4078,32,260,5501
6619,4043,2,279,4585
6623,4556,40,317,4862
6628,4069,30,565,5512
6638,4695,1,536,4860
6644,4089,42,950,5894
6648,4333,46,141,4987
6658,4769,45,787,5245
6662,4834,12,42,5314
6665,4517,14,999,5783
6669,4922,12,798,5721
6670,4555,1,942,5418
6671,4536,7,797,4516
6673,4291,8,382,5677
6675,4951,29,620,4844
6677,4092,1,293,4731
6679,4114,50,219,5204
6680,4907,8,909,4557
6681,4276,15,526,5167
6683,4171,14,130,5177
6684,4035,32,589,5037
6685,4723,16,335,4689
6688,4689,37,314,4831
6690,4388,35,562,5873
6699,4611,11,249,5824
6704,4596,45,878,5683
6705,4301,27,988,5869
6706,4468,14,633,5794
6721,4345,13,831,5085
6725,4297,40,449,5656
6729,4159,11,534,5962
6730,4859,40,217,5116
6745,4340,11,292,5315
6755,4981,40,428,4745
6758,4576,19,662,4848
6761,4288,18,624,5587
9319,4627,50,575,5090
6766,5000,3,656,5842
6771,4826,4,539,4947
6772,4205,16,247,4576
6776,4477,11,665,5861
6777,4041,13,1000,4646
6779,4214,49,824,4677
6783,4391,44,572,4838
6786,4438,31,880,5191
6788,4993,1,73,5969
6790,4770,13,360,5267
6791,4230,5,486,5893
6792,4271,2,314,5038
6794,4646,15,201,5622
6796,4417,0,392,5132
6798,4537,30,829,4631
6800,4397,25,805,4579
6803,5000,24,301,5879
6809,4096,43,917,5484
6811,4876,1,688,4820
6813,4557,38,549,5926
6816,4887,50,996,5543
9328,4849,40,813,5778
6818,4840,31,455,4672
6828,4008,43,110,4707
6829,4970,35,660,4625
6834,4577,4,664,4626
6836,4678,22,833,5381
6840,4612,50,828,5299
6847,4079,38,725,5385
6851,4318,46,283,5680
6852,4055,47,584,5502
6854,4067,30,413,4779
6860,4361,22,884,4754
6871,4014,48,430,5674
6877,4582,2,341,4926
6881,4118,3,680,4938
6884,4250,13,829,5501
6887,4879,0,872,5338
6890,4387,48,594,4551
6892,4070,38,998,5722
6899,4349,28,466,4815
6902,4761,31,775,5579
6903,4967,2,158,5403
6906,4558,23,483,5592
6909,4580,14,435,5726
6912,4911,49,12,4690
6916,4034,39,564,4570
6919,4083,34,461,5038
6921,4432,32,238,5255
6922,4070,49,404,5652
6923,4296,19,757,4838
6927,4764,22,397,5589
6928,4112,46,141,5634
6931,4234,35,686,5576
6933,4701,10,348,5527
6936,4593,47,994,5545
6946,4509,50,610,4976
6948,4829,37,152,5734
6949,4071,25,456,5076
6961,4713,35,50,5570
6964,4192,46,534,4954
6965,4531,31,139,5854
6968,4354,48,453,5230
6980,4621,23,86,4788
6986,4746,6,404,4848
8416,4330,22,836,4873
6991,4686,6,68,5942
6992,4062,1,802,4896
6994,4290,44,562,4991
6995,4563,35,313,4739
6996,4494,45,447,5041
6998,4704,26,814,5553
7001,4279,10,75,4646
7011,4607,48,399,4918
7012,4150,49,227,4821
7016,4363,50,70,5282
7017,4028,8,590,5838
7022,4907,1,877,5585
7023,4478,27,906,5752
7024,4767,31,303,5717
7027,4421,48,628,5900
7028,4229,22,272,4750
7038,4991,44,150,5888
7042,4191,20,276,5165
9366,4098,39,10,5106
7047,4785,48,665,5242
7050,4440,20,737,5629
7051,4698,38,485,5941
7054,4152,49,341,5630
7056,4043,42,501,5742
7065,4758,23,123,5288
7066,4867,11,962,5076
7070,4976,37,307,5030
7074,4731,50,70,5924
7078,4915,46,478,4783
7082,4747,4,609,5231
7086,4280,20,421,5543
7088,4499,7,586,5022
7093,4374,35,368,5262
7095,4696,44,458,5910
7106,4910,26,336,5248
7112,4758,12,841,5195
7115,4736,15,171,5775
7118,4459,26,337,5382
7119,4114,14,754,5275
7122,4300,38,101,5809
7130,4457,2,335,5980
7138,4135,31,983,4865
7144,4575,18,54,5603
7148,4987,21,434,4589
7149,4493,45,922,5571
7154,4494,16,786,5269
7155,4940,32,112,4586
7157,4743,24,974,5670
7161,4608,5,346,5443
7162,4318,43,397,4705
7164,4822,25,655,5772
7165,4663,17,116,5812
7167,4077,49,558,5503
7173,4503,38,585,5453
7174,4083,47,71,5306
7176,4505,25,534,4847
7183,4505,27,535,5235
7187,4948,39,470,5922
7189,4813,44,717,5132
7190,4428,27,151,4903
9392,4123,50,655,5403
7205,4175,25,965,5179
7206,4157,42,864,4926
7213,4987,8,304,4501
7215,4025,9,339,5573
9395,4753,28,865,5606
7220,4314,9,831,5536
7224,4246,34,139,4901
7225,4594,42,709,5115
7233,4051,16,34,5108
7236,4115,4,511,4857
7237,4905,28,549,5299
7238,4649,3,251,5650
7240,4631,49,432,4951
7246,4817,13,633,5292
7247,4313,49,904,5217
7264,4099,22,524,5010
7267,4849,49,829,5768
7273,4912,50,821,4661
7279,4324,35,378,5898
7282,4050,30,686,4821
7283,4571,44,997,5108
7284,4164,35,724,5849
7286,4961,3,228,5976
7289,4610,32,280,5934
7292,4452,8,137,4999
7296,4708,2,457,4614
7298,4094,17,543,4565
7304,4923,2,66,5663
7305,5000,29,230,4965
7306,4390,44,616,4790
7314,4914,35,785,5737
7320,4971,47,102,5346
7321,4373,15,716,5651
7322,4061,11,893,5034
7328,4817,39,1,5824
7345,4860,47,112,4985
7350,4793,44,286,4927
9417,4001,41,658,4731
7353,4633,10,349,5082
7357,4684,5,506,4997
7362,4900,14,599,5940
7364,4031,27,197,5895
7365,4980,0,538,4618
7371,4667,48,22,4700
7380,4066,22,51,4983
7383,4566,10,572,4583
7393,4612,46,634,5154
7395,4377,2,363,4883
7396,4173,23,48,5301
7397,4436,50,997,5930
7398,4745,29,340,4688
7405,4898,27,890,5558
7406,4114,1,615,5294
7409,4445,10,955,5788
7411,4447,41,827,5874
7413,4188,16,566,5016
7420,4546,10,393,5936
7421,4393,38,962,4691
7422,4173,25,272,5183
7423,4208,34,200,5737
7424,4123,16,907,5954
7426,4981,43,154,4825
7428,4492,38,242,4735
7432,4927,21,505,4616
7435,4841,44,295,5509
7451,4166,31,260,5131
7457,4187,50,462,5988
7459,4465,45,863,5644
7460,4458,45,800,5465
7463,4456,17,109,5910
7470,4241,19,750,4687
7476,4459,38,394,5292
7479,4439,38,79,4769
8978,4520,31,897,4683
7483,4088,11,192,5168
7495,4377,41,298,4635
7496,4467,19,974,5727
7498,4358,4,588,5876
7503,4633,10,883,4993
7504,4965,4,144,5113
7508,4881,8,259,5870
9444,4591,16,639,5340
7515,4624,41,73,5521
7526,4674,47,588,5860
7527,4701,9,744,5247
7529,4057,5,289,4700
7538,4098,22,761,4722
7544,4396,19,209,5908
7545,4877,38,515,5935
7548,4314,29,760,5630
7550,4263,28,493,4968
7558,4008,38,876,5722
7560,4108,30,453,5572
7564,4710,26,960,5806
7565,4450,43,84,5496
7570,4082,25,550,5570
7575,4735,16,793,4557
7576,4152,26,217,5958
7577,4472,12,105,4735
7582,4778,27,443,6000
7601,4692,44,135,5527
7604,4081,42,720,5511
7605,4340,32,561,5520
7607,4754,19,769,5621
7609,4920,46,317,5700
7610,4164,40,554,5814
7613,4765,9,717,5596
7615,4509,3,445,4839
7616,4093,7,642,5103
7618,4436,24,52,4931
7619,4197,10,921,4792
7620,4785,46,579,5940
7626,4434,32,372,5412
7629,4155,30,393,5134
7633,4143,28,715,5280
7636,4454,45,913,5708
7642,4629,42,102,5949
7655,4578,26,593,5652
7657,4925,6,345,4789
7660,4044,27,801,5601
9470,4947,2,108,5327
7675,4448,44,786,5869
7677,4151,4,823,5610
7683,4443,22,232,5462
7686,4278,5,341,5161
7688,4402,46,281,5087
7689,4029,49,25,5198
7691,4524,32,603,5086
7692,4276,47,268,5555
7693,4586,31,583,5661
7694,4134,20,791,4561
7698,4205,40,750,5067
7702,4037,2,884,5551
7703,4331,42,721,5047
7706,4592,10,970,5021
7711,4787,18,113,5855
7719,4851,14,229,5631
7720,4648,41,158,5496
7723,4397,24,689,4586
7727,4228,31,945,4701
9480,4444,24,823,4974
7730,4272,13,845,4911
7732,4385,45,441,5810
7733,4284,15,295,4793
7740,4063,31,7,5180
9482,4051,39,71,5756
7742,4482,8,278,5142
7746,4713,11,399,4510
7752,4001,13,987,5824
7753,4970,15,167,5635
7757,4676,11,759,5944
7759,4808,36,505,5326
7760,4528,49,629,5736
7761,4586,20,998,4922
7763,4719,37,123,4959
7765,4654,28,897,4749
7771,4156,39,655,4929
7782,4521,11,289,4687
7783,4947,8,599,4878
7788,4562,48,294,5107
7791,4005,50,541,4940
7795,4634,33,88,5118
7796,4884,37,250,5117
7797,4639,24,61,4614
7800,4996,36,606,5529
7801,4220,37,246,5354
7805,4829,48,77,4846
7813,4391,42,789,4969
7819,4597,42,277,5100
7820,4440,30,781,5123
7821,4541,3,603,5426
7824,4575,10,226,5477
7832,4647,9,308,4788
7837,4962,25,20,4755
7839,4811,19,569,4541
8990,4548,17,424,5585
7844,4081,26,570,4555
7849,4991,45,370,5768
7851,4240,17,956,5079
7852,4315,34,250,5861
7857,4639,27,85,5142
7865,4046,23,985,4554
7868,4826,7,852,4583
7871,4133,29,136,5368
7877,4458,46,742,5993
9505,4583,18,519,4583
7880,4790,0,377,5956
7884,4346,10,524,4561
7894,4750,18,578,5685
7896,4513,4,428,4705
7897,4381,16,161,4859
7901,4773,38,578,5587
7909,4673,47,533,5462
7915,4502,38,853,5225
7922,4712,8,390,5299
7923,4410,50,200,4963
7924,4900,17,23,5932
7929,4566,20,227,5384
7932,4441,5,96,5218
7934,4456,20,843,5474
7936,4728,41,646,5694
7937,4037,34,417,5850
7944,4149,5,403,4814
7947,4990,1,676,5309
7954,4609,16,150,4591
7960,4335,37,634,5294
7961,4233,44,36,5293
7963,4009,15,149,4657
7966,4201,41,793,5695
7970,4938,1,189,4741
7995,4707,31,469,4626
8000,4045,40,856,5612
8007,4091,3,873,4620
8016,4788,10,952,5238
8040,4699,23,432,5543
8044,4568,50,576,5402
8046,4724,29,864,5186
8053,4158,47,663,4737
8056,4496,25,952,4788
9537,4233,15,977,4507
8075,4725,49,105,5612
8076,4368,41,539,4704
8079,4074,36,458,5242
8080,4674,12,773,5699
8084,4839,38,910,5037
8090,4772,34,663,4997
8092,4035,2,843,4884
8093,4091,19,498,5856
9541,4896,31,447,4661
8101,4805,41,319,5026
8102,4333,22,8,4810
8104,4251,23,529,4742
8105,4317,31,980,5866
8110,4678,36,147,4788
8111,4723,12,48,4652
8113,4364,40,103,4893
8115,4591,50,157,4581
8119,4852,30,918,5975
8120,4427,38,232,4747
8127,4185,46,452,5220
8133,4434,27,232,5471
8139,4733,31,710,5923
8141,4442,3,707,5985
8143,4772,17,956,4737
8149,4158,40,153,5469
8153,4747,6,419,5967
8161,4330,35,539,4708
8162,4149,24,977,5627
8167,4726,42,885,4750
8171,4418,49,565,4643
8174,4186,48,264,4952
8175,4758,45,700,4560
8176,4748,46,416,5369
8178,4458,8,350,5103
8179,4551,24,363,5729
8180,4856,48,344,5896
